﻿<?xml version="1.0"?>
<doc>
<assembly>
<name>
SB.NET.Sistemas.TC
</name>
</assembly>
<members>
<member name="T:My.Resources.Resources">
<summary>
  A strongly-typed resource class, for looking up localized strings, etc.
</summary>
</member>
<member name="P:My.Resources.Resources.ResourceManager">
<summary>
  Returns the cached ResourceManager instance used by this class.
</summary>
</member>
<member name="P:My.Resources.Resources.Culture">
<summary>
  Overrides the current thread's CurrentUICulture property for all
  resource lookups using this strongly typed resource class.
</summary>
</member>
<member name="P:ActualizadorTC.Usuario">
 <summary>
 Código de Usuario.
 </summary>
 <value></value>
 <returns></returns>
 <remarks></remarks>
</member>
<member name="P:ActualizadorTC.EstaExportando">
 <summary>
 Indica si esta exportado el tablero
 </summary>
 <value></value>
 <returns></returns>
 <remarks></remarks>
</member>
<member name="P:ActualizadorTC.EVBase">
 <summary>
 Base de ProWeb.
 </summary>
 <value></value>
 <returns></returns>
 <remarks></remarks>
</member>
<member name="P:ActualizadorTC.Sistema">
 <summary>
 Indica del sistema que llama el actualizador.
 </summary>
 <value></value>
 <returns></returns>
 <remarks></remarks>
</member>
<member name="P:ActualizadorTC.ProcesoCompleto">
 <summary>
 Indica si esta exportado todos los tableros
 haciendo el proceso completo.
 </summary>
 <value></value>
 <returns></returns>
 <remarks></remarks>
</member>
<member name="P:ActualizadorTC.DirectorioLog">
 <summary>
 Indica el directorio del log.
 </summary>
 <value></value>
 <returns></returns>
 <remarks></remarks>
</member>
<member name="P:ActualizadorTC.DirectorioXML">
 <summary>
 Indica el directorio donde grabará el xml con los datos.
 </summary>
 <value></value>
 <returns></returns>
 <remarks></remarks>
</member>
<member name="P:ActualizadorTC.NombreXML">
 <summary>
 Indica el nombre del xml donde grabará los datos.
 </summary>
 <value></value>
 <returns></returns>
 <remarks></remarks>
</member>
<member name="P:ActualizadorTC.DBMTNaboActual">
 <summary>
 Abonado actual
 </summary>
 <value></value>
 <returns></returns>
 <remarks></remarks>
</member>
<member name="P:ActualizadorTC.DBMTNejercicioActual">
 <summary>
 Ejercicio actual (CG)
 </summary>
 <value></value>
 <returns></returns>
 <remarks></remarks>
</member>
<member name="P:ActualizadorTC.DBMTNidiomaActual">
 <summary>
 Idioma actual
 </summary>
 <value></value>
 <returns></returns>
 <remarks></remarks>
</member>
<member name="P:ActualizadorTC.DBManagerEOne">
 <summary>
 Nombre de la Base Manager de EOne
 </summary>
 <returns>nombre de la Base Manager de EOne</returns>
</member>
<member name="F:HistoricoTC._Vistas">
 <summary>
 Indica las vistas que fueron ejecutadas.
 </summary>
 <remarks></remarks>
</member>
<member name="F:HistoricoTC._Indicadores">
 <summary>
 Indica los indicadores que fueron ejecutadas.
 </summary>
 <remarks></remarks>
</member>
<member name="F:HistoricoTC._Metricas">
 <summary>
 Indica las métricas que fueron ejecutadas.
 </summary>
 <remarks></remarks>
</member>
<member name="F:HistoricoTC._TablasActualizadas">
 <summary>
 Indica las tablas que fueron ejecutadas.
 </summary>
 <remarks></remarks>
</member>
<member name="F:HistoricoTC._ProcesoCompleto">
 <summary>
 Indica si esta exportado todos los tableros
 haciendo el proceso completo.
 </summary>
 <remarks></remarks>
</member>
<member name="F:HistoricoTC._Fecha">
 <summary>
 Indica la Fecha de ejecución del motor.
 </summary>
 <remarks></remarks>
</member>
<member name="F:HistoricoTC._DirectorioLog">
 <summary>
 Indica el directorio del log.
 </summary>
 <remarks></remarks>
</member>
<member name="P:HistoricoTC.Vistas">
 <summary>
 Indica las vistas que fueron ejecutadas.
 </summary>
 <value></value>
 <returns></returns>
 <remarks></remarks>
</member>
<member name="P:HistoricoTC.Indicadores">
 <summary>
 Indica los indicadores que fueron ejecutadas.
 </summary>
 <value></value>
 <returns></returns>
 <remarks></remarks>
</member>
<member name="P:HistoricoTC.Metricas">
 <summary>
 Indica las métricas que fueron ejecutadas.
 </summary>
 <value></value>
 <returns></returns>
 <remarks></remarks>
</member>
<member name="P:HistoricoTC.TablasActualizadas">
 <summary>
 Indica las tablas que fueron ejecutadas.
 </summary>
 <value></value>
 <returns></returns>
 <remarks></remarks>
</member>
<member name="P:HistoricoTC.ProcesoCompleto">
 <summary>
 Indica si esta exportado todos los tableros
 haciendo el proceso completo.
 </summary>
 <value></value>
 <returns></returns>
 <remarks></remarks>
</member>
<member name="P:HistoricoTC.Fecha">
 <summary>
 Indica la Fecha de ejecución del motor.
 </summary>
 <value></value>
 <returns></returns>
 <remarks></remarks>
</member>
<member name="P:HistoricoTC.DirectorioLog">
 <summary>
 Indica la Fecha de ejecución del motor.
 </summary>
 <value></value>
 <returns></returns>
 <remarks></remarks>
</member>
<member name="P:IndicadorTC.Rangos">
 <summary>
 Rangos del indicador
 </summary>
 <value></value>
 <returns></returns>
 <remarks></remarks>
</member>
<member name="P:IndicadorTC.Formula">
 <summary>
 Formula del indicador
 </summary>
 <value></value>
 <returns></returns>
 <remarks></remarks>
</member>
<member name="P:IndicadorTC.Observacion">
 <summary>
 Observacion del indicador
 </summary>
 <value></value>
 <returns></returns>
 <remarks></remarks>
</member>
<member name="P:IndicadorTC.Descripcion">
 <summary>
 Descripción del indicador
 </summary>
 <value></value>
 <returns></returns>
 <remarks></remarks>
</member>
<member name="P:IndicadorTC.Codigo">
 <summary>
 Código del indicador
 </summary>
 <value></value>
 <returns></returns>
 <remarks></remarks>
</member>
<member name="P:IndicadorTC.Valor">
 <summary>
 Valor del indicador
 </summary>
 <value></value>
 <returns></returns>
 <remarks></remarks>
</member>
<member name="P:IndicadorTC.DBMTNaboActual">
 <summary>
 Abonado actual
 </summary>
 <value></value>
 <returns></returns>
 <remarks></remarks>
</member>
<member name="P:IndicadorTC.DBMTNejercicioActual">
 <summary>
 Ejercicio actual (CG)
 </summary>
 <value></value>
 <returns></returns>
 <remarks></remarks>
</member>
<member name="P:IndicadorTC.DBMTNidiomaActual">
 <summary>
 Idioma actual
 </summary>
 <value></value>
 <returns></returns>
 <remarks></remarks>
</member>
<member name="P:IndicadorTC.DBManagerEOne">
 <summary>
 Nombre de la Base Manager de EOne
 </summary>
 <returns>nombre de la Base Manager de EOne</returns>
</member>
<member name="M:IndicadorTC.ReemplazarDivisiones">
 <summary>
 Esta funcion esta hecha para solucionar el problema de la division de 2 enteros en SQL, 
 que devuelve un entero truncado sin decimales.
 </summary>
 <returns></returns>
 <remarks></remarks>
</member>
<member name="P:ItemTablero.CodUnico">
 <summary>
 Valor unico del objeto. Es de solo lectura, se usa para lugares donde se necesita una clave unica.
 Se usa la union de tipo de tablero y valor clave (de indicador o de vista).
 </summary>
 <value></value>
 <returns></returns>
 <remarks></remarks>
</member>
<member name="M:IndicadorTCMapper.getDescripcionGauge(System.String)">
 <summary>
 Consulta en la base la descripcion del Indicador.
 </summary>
 <param name="xCodGauge">Código del Gauge</param>
 <returns>Descripcion del indicador </returns>
 <remarks></remarks>
</member>
<member name="M:IndicadorTCMapper.getObservacionGauge(System.String)">
 <summary>
 Consulta en la base la Observacion del Indicador.
 </summary>
 <param name="xCodGauge">Código del Gauge</param>
 <returns>Observacion del indicador </returns>
 <remarks></remarks>
</member>
<member name="M:IndicadorTCMapper.getFormulaGauge(System.String)">
 <summary>
 Consulta la formula del indicador Indicador.
 </summary>
 <param name="xCodGauge">Código del Gauge</param>
 <returns>Devuelve la fórmula sin parsear </returns>
 <remarks></remarks>
</member>
<member name="M:IndicadorTCMapper.getValorGauge(System.String,System.String,System.String)">
 <summary>
 Consulta en la base el valor del Indicador, si este no existe, lanza una excepción
 No debería setear ningún valor porque cualquiera podría ser posíble.
 </summary>
 <param name="xCodGauge">Código del Gauge</param>
 <returns>Valor del indicador </returns>
 <remarks></remarks>
</member>
<member name="M:IndicadorTCMapper.getRangosGauge(System.String)">
 <summary>
 Carga todos los Rangos de un determinado Indicador
 </summary>
 <param name="xCodGauge">Código del Gauge</param>
 <returns>Una lista de RangoGauge, normalmente serán 3</returns>
 <remarks></remarks>
</member>
<member name="M:ItemTableroMapper.getTipoGraf(System.String,System.String)">
 <summary>
 Trae el tipo de gráfico seteado en Flex para el ítem.
 Si no fué seteado, devuelve blanco y se el control seteará el default.
 </summary>
 <param name="xVistaCod"></param>
 <param name="xAsciiCod"></param>
 <returns></returns>
 <remarks></remarks>
</member>
<member name="M:MetricaMapper.getValorMetrica(System.String,System.String,System.String)">
 <summary>
 Consulta en la base el valor de la Metrica.
 </summary>
 <param name="xCodMetrica"> Codigo de Metrica</param>
 <returns>Valor Metrica</returns>
 <remarks></remarks>
</member>
<member name="M:TableroMapper.GetItemsTablero(System.String,System.String)">
 <summary>
 Carga todos los items de un tablero y los devuelve
 </summary>
 <param name="xCodTab">Código del tablero</param>
 <returns>lista de items del tablero</returns>
 <remarks></remarks>
</member>
<member name="M:TableroMapper.VerDescripcion(System.String)">
 <summary>
 Devuelve la descripción de un tablero
 </summary>
 <param name="xCodTab">Código del tablero</param>
 <returns>Descripción del tablero</returns>
 <remarks></remarks>
</member>
<member name="M:TableroMapper.ReordenarItemsTableros(System.String,System.String[],System.String[],System.String[])">
 <summary>
 Funcion que reordena los items de tablero
 Borra lo del tablero, y luego inserta en el nuevo orden
 </summary>
 <param name="xCodTablero">Codigo de tablero</param>
 <param name="xLeft">Array de Paneles Columna Izquierda</param>
 <param name="xMiddle">Array de Paneles Columna Media</param>
 <param name="xRight">Array de Paneles Columna Derecha</param>
 <returns></returns>
 <remarks></remarks>
</member>
<member name="M:TableroMapper.procesarItemParaInsercion(System.String,ItemTablero.TItemTablero@,System.String@,System.String@,System.String@,System.String@,System.Int32@)">
 <summary>
 separa el string clave de item, de donde se desprenden el tipo, indicador, ascii y vista
 </summary>
 <param name="xDato">string a separar</param>
 <param name="xtipo">tipo</param>
 <param name="xindCod">cod de indicador</param>
 <param name="xascii">cod de ascii</param>
 <param name="xvista">cod de vista</param>
 <returns></returns>
 <remarks></remarks>
</member>
<member name="M:TableroMapper.GetTableros">
 <summary>
 Obtiene una lista de todos los tableros definidos por el usuario.
 NO CARGA LA COLECCION DE ITEMS DEL TABLERO. Para esto, habría que llamar
 por cada tablero obtenido a "getItemsTablero"
 </summary>
 <returns></returns>
 <remarks></remarks>
</member>
<member name="M:TableroMapper.debeActualizar(System.String)">
 <summary>
 Consulta si el tablero debe actualizarse o no
 </summary>
 <returns></returns>
 <remarks></remarks>
</member>
<member name="M:TableroMapper.usuHabilitado(System.String,System.String,System.String)">
 <summary>
 Devuelve true si el Usuario está Habilitado para VER el tablero.
 </summary>
 <param name="xCodUsu"></param>
 <param name="xCodTablero"></param>
 <returns></returns>
 <remarks></remarks>
</member>
<member name="M:TableroMapper.GetVistasTablero(System.String,System.Collections.Generic.List{System.String}@,System.Collections.Generic.List{System.String}@)">
 <summary>
 Devuelve todas las vistas a las que hace referencia un tablero, 
 tanto por usarlas como item o por estar asociadas a alguna metrica del mismo.
 </summary>
 <param name="xCodTablero"></param>
 <returns></returns>
 <remarks></remarks>
</member>
<member name="M:TableroMapper.GetVistasCalculo(System.String,System.Collections.Generic.List{System.String}@,System.Collections.Generic.List{System.String}@)">
 <summary>
 Devuelve todas las vistas referenciadas por un calculo de un indicador.
 </summary>
 <param name="xCalculo"></param>
 <returns></returns>
 <remarks></remarks>
</member>
<member name="M:TableroMapper.GetCalculo(System.Int64)">
 <summary>
 Devuelve el calculo del indicador con el código xCodIndicador
 </summary>
 <param name="xCodIndicador"></param>
 <returns></returns>
 <remarks></remarks>
</member>
<member name="M:TCMapper.fechaUltimaAct">
 <summary>
 Trae la fecha en que se corrío por última vez el motor.
 </summary>
 <returns></returns>
 <remarks></remarks>
</member>
<member name="P:Metrica.TablaVista">
 <summary>
 Obtener el nombre de la tabla vista.
 </summary>
 <value></value>
 <returns></returns>
 <remarks></remarks>
</member>
<member name="P:Metrica.DBMTNaboActual">
 <summary>
 Abonado actual
 </summary>
 <value></value>
 <returns></returns>
 <remarks></remarks>
</member>
<member name="P:Metrica.DBMTNejercicioActual">
 <summary>
 Ejercicio actual (CG)
 </summary>
 <value></value>
 <returns></returns>
 <remarks></remarks>
</member>
<member name="P:Metrica.DBMTNidiomaActual">
 <summary>
 Idioma actual
 </summary>
 <value></value>
 <returns></returns>
 <remarks></remarks>
</member>
<member name="P:Metrica.DBManagerEOne">
 <summary>
 Nombre de la Base Manager de EOne
 </summary>
 <returns>nombre de la Base Manager de EOne</returns>
</member>
<member name="M:Metrica.cargarMetricaSinValor(System.String)">
 <summary>
 Se creo este metodo para el exportador de Metricas, ya que podia darse el caso
 en que exista una metrica de la que todavia no se le haya calculado su valor
 </summary>
 <param name="xCodMetrica"></param>
 <remarks></remarks>
</member>
<member name="M:Tablero.Cargar(System.String)">
 <summary>
 Carga un objeto tablero segun el codigo
 </summary>
 <param name="xCodTab">Código del tablero</param>
 <remarks></remarks>
</member>
<member name="M:Tablero.CargarPorColumna(System.String)">
 <summary>
 Carga un objeto tablero segun el codigo, y se trae ordenado por columna 
 </summary>
 <param name="xCodTab"></param>
 <remarks></remarks>
</member>
<member name="M:Tablero.ReordenarItemsTableros(System.String,System.String[],System.String[],System.String[])">
 <summary>
 Reordena los items de un tablero
 </summary>
 <param name="xCodTablero"></param>
 <param name="xLeft"></param>
 <param name="xMiddle"></param>
 <param name="xRight"></param>
 <returns></returns>
 <remarks></remarks>
</member>
<member name="M:Tablero.ReordenarItemsTableros(System.String,System.String[])">
 <summary>
 Reordena los items de un tablero
 </summary>
 <param name="xCodTablero"></param>
 <param name="xLeft"></param>
 <returns></returns>
 <remarks></remarks>
</member>
<member name="M:Tablero.GetTableros">
 <summary>
 Obtiene una lista con todos los tablero definidos.
 </summary>
 <returns></returns>
 <remarks></remarks>
</member>
<member name="M:Tablero.debeActualizar">
 <summary>
 Devuelve true si el Tablero debe ser actualizado, esto deberá "bloquearlo"
 No es una propiedad porque puede cambiar 
 </summary>
 <returns></returns>
 <remarks></remarks>
</member>
<member name="M:Tablero.usuHabilitado(System.String,System.String)">
 <summary>
 Devuelve true si un usuario está habilitado para VER un tablero y false si no lo esta.
 </summary>
 <param name="xCodUsu"></param>
 <returns></returns>
 <remarks></remarks>
</member>
<member name="M:Tablero.GetVistasTablero(System.Collections.Generic.List{System.String}@,System.Collections.Generic.List{System.String}@)">
 <summary>
 Devuelve todas las vistas a las que hace referencia un tablero, 
 tanto por usarlas como item o por estar asociadas a alguna metrica del mismo.
 </summary>
 <param name="xColMetricas">Devuelve los codigos de las metricas que usa este tablero</param>
 <returns></returns>
 <remarks></remarks>
</member>
<member name="F:sb.Sistemas.TC.ModuloeFlexweb.k_SS_DATOSTC">
 <summary>
 Nombre de la variable de Sesion que guarda los datos de eFlexWeb
 </summary>
 <remarks></remarks>
</member>
<member name="P:sb.Sistemas.TC.DatosTC.ConnTCWEB">
 <summary>
 Cadena de conexión con la Base de Datos Manager
 </summary>
 <value></value>
 <returns></returns>
 <remarks></remarks>
</member>
<member name="M:sb.Sistemas.TC.DatosTC.SetearConnTCWEB(System.String,System.String)">
 <summary>
 Setea los valores  de la conexion
 <paramref name="xBase">Base manager (donde estan los datos de TC)</paramref>        
 <paramref name="xServer">servidor SQL</paramref>                
 </summary>
 <remarks></remarks>
</member>
<member name="P:VistaTC.Usuario">
 <summary>
 Código de Usuario.
 </summary>
 <value></value>
 <returns></returns>
 <remarks></remarks>
</member>
<member name="P:VistaTC.AsciiCod">
 <summary>
 Indica el código de ascii si actualiza una vista.
 </summary>
 <value></value>
 <returns></returns>
 <remarks></remarks>
</member>
<member name="P:VistaTC.VistaCod">
 <summary>
 Indica el código de vista si actualiza una vista.
 </summary>
 <value></value>
 <returns></returns>
 <remarks></remarks>
</member>
<member name="P:VistaTC.Descripcion">
 <summary>
 Descripción del indicador
 </summary>
 <value></value>
 <returns></returns>
 <remarks></remarks>
</member>
<member name="P:VistaTC.DBMTNaboActual">
 <summary>
 Abonado actual
 </summary>
 <value></value>
 <returns></returns>
 <remarks></remarks>
</member>
<member name="P:VistaTC.DBMTNejercicioActual">
 <summary>
 Ejercicio actual (CG)
 </summary>
 <value></value>
 <returns></returns>
 <remarks></remarks>
</member>
<member name="P:VistaTC.DBMTNidiomaActual">
 <summary>
 Idioma actual
 </summary>
 <value></value>
 <returns></returns>
 <remarks></remarks>
</member>
<member name="P:VistaTC.DBManagerEOne">
 <summary>
 Nombre de la Base Manager de EOne
 </summary>
 <returns>nombre de la Base Manager de EOne</returns>
</member>
<member name="M:VistaTC.CargarVista">
 <summary>
 Crea una vista determinada para un tablero.
 </summary>
 <returns>El nombre de la tabla que genera.</returns>
 <remarks></remarks>
</member>
<member name="M:VistaTC.CargarVista(System.String)">
 <summary>
 Crea una vista determinada para un tablero.
 </summary>
 <returns>El nombre de la tabla que genera.</returns>
 <remarks></remarks>
</member>
<member name="P:XMLValores.PathXML">
 <summary>
 Path del XML
 </summary>
 <value></value>
 <returns></returns>
 <remarks></remarks>
</member>
<member name="P:XMLValores.NombreXML">
 <summary>
 Nombre del archivo XML.
 </summary>
 <value></value>
 <returns></returns>
 <remarks></remarks>
</member>
</members>
</doc>
